"x","y","depth"
-121.5494444,43.71999999,39
-123.5616667,43.20666666,98
-121.5966667,43.63805555,25
-120.8566667,44.30694444,10
-122.5213889,45.17472222,40
-120.8572222,44.30888889,10
-120.8572222,44.30916667,10
-120.8569444,44.30916667,10
-120.8569444,44.30888889,10
-120.7627778,44.18333333,102
-120.8861111,44.38861111,350
-123.24,43.4025,118
-123.4444444,43.41638889,62
-122.9427778,42.34527778,55
-122.9430556,42.345,110
-122.9158333,42.40833333,33
-123.24496,42.42059,85
-121.5238889,43.73277778,30
-123.3480556,44.87416667,7
-122.5816667,44.14861111,95
-123.1408333,44.7475,65
-122.9338889,44.925,140
-123.4861111,43.50194444,42
-123.39864,42.47789,150
-116.9444444,44.18527778,8
-123.1866667,45.155,58
-123.1741667,44.88972222,70
-122.4892,42.363,60
-117.9517556,44.87193889,500
-121.6011111,43.63333333,23
-121.3208333,44.13722222,440
-123.175,44.10527778,20
-123.0355556,43.80361111,105
-121.1841667,44.31138889,210
-122.9153861,44.82949444,5
-122.355,43.80833333,680
-123.1386111,42.39138889,100
-123.1323,42.2366,100
-123.1930556,44.94861111,23
-123.1305556,44.97722222,60
-120.7911111,44.00277778,475
-121.54,43.6675,21
-118.96682,44.29234,46
-123.4819444,43.065,23
-123.9194444,43.22555556,72
-123.6033333,43.21138889,121
-121.7033333,43.945,18
-117.0861111,43.81,32
-120.8125,44.15222222,695
-120.8119444,44.15277778,640
-122.9361111,43.89166667,140
-122.9347222,43.89083333,160
-123.1752778,43.71361111,85
-122.9755556,43.08916667,225
-122.7188889,43.9525,118
-123.0377778,43.6925,95
-123.2341667,43.60222222,130
-123.4105556,44.11388889,130
-123.0405556,43.83527778,165
-122.9252778,43.96361111,60
-120.0683333,43.80444444,45
-123.2680556,45.23361111,283
-122.9216667,42.30916667,80
-122.5623,42.3625,80
-122.5628,42.3625,245
-122.9497222,42.42305556,38
-122.8527778,43.50333333,230
-121.5227778,43.75361111,29
-123.2683333,45.23305556,372
-123.0302778,44.77666667,120
-123.2716667,44.99666667,280
-123.0502778,44.93833333,60
-121.5986111,43.63666667,22
-117.0252778,43.85222222,60
-123.8738889,43.75333333,178
-123.3280556,43.255,65
-121.5338889,43.74949444,65
-123.5119444,45.31861111,310
-121.2291667,44.23,350
-121.0625,44.14833333,595
-122.8330556,42.61555556,285
-121.6680556,43.7075,22
-122.8005556,42.51416667,180
-122.6244444,42.17722222,112
-122.5038889,42.51472222,260
-122.9461111,42.36166667,65
-123.1352778,45.115,359
-123.3219444,45.20111111,149
-123.2222222,43.20647778,65
-123.2208333,43.20611111,136
-123.6769444,43.02833333,35
-122.901,44.013,260
-122.9092667,44.00948333,220
-123.0364333,43.80966667,40
-121.2372222,44.21166667,62
-123.8013889,44.05629444,75
-123.0586111,43.77555556,150
-123.025,45.22444444,73
-122.9152778,44.75916667,360
-122.9069444,44.75333333,280
-122.9080556,44.76777778,300
-123.3480556,45.05722222,50
-123.5132389,43.31472222,34
-123.5938889,43.04472222,183
-123.5922222,43.04722222,158
-123.2969444,43.59694444,170
-123.5161111,43.24416667,80
-120.7625,44.18777778,6
-121.2552778,44.27972222,205
-123.0169,42.2779,50
-123.3516,42.1647,70
-123.2156,42.2921,100
-123.258,42.2376,65
-123.7886111,43.66805556,66
-123.5622222,43.20916667,63
-123.4022222,43.40083333,162
-123.3119444,43.41444444,136
-122.9586111,43.30722222,28
-122.4996,42.2397,70
-122.4924,42.2698,104
-122.548,42.2454,50
-122.569,42.2174,100
-122.452,42.2294,110
-122.5688,42.1745,95
-122.5298,42.16,85
-123.0439,42.2716,95
-122.5295,42.1592,220
-122.2655556,42.19305556,157
-123.1152778,44.0075,240
-123.1355556,44.87666667,200
-123.1138889,45.00083333,172
-123.1616667,45.06368889,280
-123.0708333,45.07444444,100
-123.1905556,45.035,260
-123.60395,44.66145,56
-123.34139,44.54457,240
-122.5980556,44.13694444,232
-122.5991667,44.14555556,82
-123.0875,43.97055556,240
-122.9063889,44.66,135
-122.8991667,44.87694444,180
-122.9005556,44.75,260
-122.8997222,44.01694444,405
-123.0933333,45.34944444,157
-123.2705556,45.35361111,44
-121.1222222,44.22944444,460
-123.2883333,43.71972222,160
-123.2633333,42.95805556,78
-123.2602778,42.94527778,36
-122.8827778,42.86972222,65
-123.1616667,43.21833333,94
-121.31565,43.40377,13
-123.1363889,45.12527778,366
-123.1355556,45.12444444,306
-123.15259,44.98078,117
-123.3816667,44.90166667,126
-121.1327778,44.31694444,280
-121.5413889,43.66111111,10
-121.1502778,44.37416667,650
-123.5186111,43.57138889,39
-123.3797222,43.45555556,78
-121.1738889,44.03666667,750
-122.9305556,43.24555556,140
-123.0848167,43.27277778,65
-123.2275,43.41638889,57
-122.5997,42.2512,150
-122.9436111,42.34472222,62
-120.0333333,45.26666667,171
-120.7413889,44.02583333,240
-120.7397222,44.03444444,140
-123.3269444,43.53138889,55
-123.1877778,43.59333333,163
-123.1,42.98714444,188
-123.2719444,42.93972222,190
-123.3561111,43.50527778,61
-123.0994444,45.04638889,190
-122.9130556,44.95805556,80
-123.1419444,44.9169444,20
-123.1172222,44.78722222,100
-122.8488889,45.39055556,105
-123.5763889,45.18916667,42
-122.9483333,44.67916667,60
-122.9725,44.92055556,35
-123.34135,44.54435,45
-118.5742222,43.41722222,65
-122.6858333,42.17344444,202
-122.8844444,43.98083333,145
-123.8844444,43.98083333,40
-123.3402778,44.09361111,115
-122.8794444,43.73916667,115
-123.2286111,43.605,67
-123.0602778,43.74166667,58
-123.0902778,43.79333333,120
-123.0280556,44.02555556,127
-123.1933333,43.94916667,60
-122.8772222,43.97611111,218
-123.19,43.94638889,155
-123.2511111,45.23388889,65
-122.7513889,42.20222222,101
-123.0132,42.184,120
-121.5308333,43.76083333,75
-123.0761111,45.12244444,47
-123.3444444,43.38416667,93
-123.5413889,43.08166667,170
-123.5308333,43.3975,144
-123.4875,43.50138889,182
-123.5813889,43.63555556,40
-123.7536111,43.65416667,93
-123.6036111,43.64472222,92
-122.8811111,42.27277778,81
-122.3083,42.3124,115
-122.5627,42.2173,120
-122.5627,42.2172,75
-122.5402,42.3286,160
-123.1306,42.2457,50
-123.1306,42.2459,200
-122.521,42.3,50
-122.5949,42.185,60
-122.8802778,42.27277778,161
-123.1847222,43.31083333,36
-123.1777778,43.46777778,57
-123.3222222,45.87027778,4.5
-122.7508333,42.20361111,162
-122.4946,42.3583,200
-122.5369,42.2458,60
-121.5369444,43.75888889,35
-123.0961111,43.99166667,250
-123.1375,43.71555556,250
-123.1352778,43.98777778,240
-123.2766667,44.3075,90
-123.0233333,44.07666667,105
-122.9027778,44.10166667,275
-123.2394444,43.64666667,300
-121.3608333,44.16527778,770
-122.5626,42.2176,130
-117.1630556,44.11694444,30
-123.0591667,44.85527778,365
-122.8586111,44.52666667,290
-122.8572222,44.52611111,370
-122.7686111,45.02527778,70
-122.7419444,44.77138889,280
-122.9538889,44.86888889,365
-122.8594444,44.52555556,510
-122.9252778,44.47527778,95
-122.8569444,44.52504444,50
-123.2680556,45.24,144
-123.3075,45.22222222,101
-123.2836111,45.23972222,217
-123.2530556,43.59861111,59
-123.2758333,43.43111111,24
-123.1725,43.39722222,21
-117.2072222,44.11388889,18
-122.33137,45.26995,75
-122.9944444,42.29027778,101
-123.6177778,43.13638889,25
-123.23,43.39833333,151
-123.995,42.94111111,96
-121.07034,44.37871,15
-122.5844444,42.385,115
-122.7272222,42.19777778,60
-121.3775,44.18972222,397
-116.9752778,44.05972222,8
-123.0118,42.233,110
-122.9863889,42.29222222,82
-121.214,44.324,125
-123.0194444,42.94166667,199
-123.0322222,42.94055556,230
-123.1691667,43.08694444,191
-123.1744444,43.0825,90
-123.3705556,43.44194444,86
-123.4302778,43.27444444,253
-122.4796,42.1622,180
-122.5428,42.3254,225
-122.5143,42.3255,80
-123.2379,42.3065,75
-122.5363,42.1733,170
-121.5291667,43.67416667,16
-122.5572222,42.1325,78
-123.597011,42.124047,67
-123.01984,44.83362,68
-122.89352,45.15143,74
-122.88644,44.92071,226
-122.88697,44.87257,37
-122.90504,44.90073,91
-122.90663,44.89467,94
-122.87686,44.81536,10
-122.74352,45.22329,51
-122.50438,45.14569,35
-122.7073,45.2123,64
-123.12016,44.82721,31
-122.5435,45.16796,167
-122.68598,45.22596,11
-122.98036,45.06702,58
-122.84596,45.13395,32
-122.81928,45.16217,76
-122.66736,44.18613,78
-122.81464,45.021,95
-122.81409,45.0239,112
-123.2869444,43.49805556,23
-123.2727778,43.50166667,260
-123.2972222,43.71916667,86
-123.3075,43.58944444,26
-123.2258333,43.63833333,94
-123.2025,43.62,66
-123.4455556,43.27888889,124
-123.2683333,43.40527778,250
-121.20386,44.06438,700
-123.2544444,45.48472222,107
-122.5611111,42.11805556,96
-122.5575,42.12555556,38
-122.7425,44.58416667,40
-123.0775,43.865,95
-122.9088889,44.27388889,250
-123.0594444,43.83166667,57
-123.0997222,43.87555556,80
-123.0394444,43.83444444,118
-123.1761111,43.71916667,160
-123.0388889,43.90611111,35
-123.0825,43.9125,178
-123.2302778,43.66027778,180
-122.8461111,43.70277778,62
-123.3605556,44.86305556,50
-122.8205556,44.76416667,40
-123.0588889,44.8575,280
-121.4033333,44.1025,390
-122.3833333,43.57083333,12.5
-121.7611111,44.16472222,550
-121.4938889,43.7475,35
-121.6158333,43.84888889,25
-123.612923,42.062478,237
-123.650304,42.153055,262
-123.599911,42.3193,90
-123.521761,42.362517,132
-123.196824,42.474028,65
-122.5049,42.2398,25
-122.5529,42.3399,140
-123.0807,42.3435,110
-123.8144444,42.40861111,93
-123.0197222,43.2325,72
-123.02,43.23222222,88
-123.2641667,42.8,30
-123.5538889,43.6225,74
-123.7911111,43.66722222,42
-122.6413889,42.16333333,485
-123.703389,42.067477,35
-121.1872222,44.34305556,250
-121.4741667,43.8525,20
-122.3527,42.0642,410
-123.3494444,43.19333333,392
-122.76058,45.12859,46
-121.2652778,44.31694444,230
-123.29839,42.397418,224
-123.2997222,45.25333333,240
-123.2125,45.08888889,90
-123.1113889,45.25972222,119
-123.6716667,43.035,32
-123.3216667,43.25277778,371
-123.0752778,42.94423333,63
-122.9172222,42.95666667,63
-122.6063889,43.79146111,420
-123.30911,44.0307,195
-123.466297,42.447619,136
-121.2458333,44.13916667,567
-121.3225,44.18388889,595
-121.3722222,44.33277778,710
-119.9602778,44.13944444,120
-122.811958,42.628314,93
-121.4702778,43.53222222,75
-117.4227778,44.13888889,20
-123.7058333,43.03111111,98
-123.2047222,43.40888889,135
-122.8625,43.76590556,87
-123.3419444,44.05583333,60
-122.5913889,44.14638889,100
-123.719371,42.04599,81
-121.4583333,43.79583333,132
-122.4061111,44.80888889,25
-122.4038889,44.80416667,130
-123.0629,42.2586,72
-122.5935,42.2522,205
-122.5843,42.2345,100
-117.0252,44.0881,40
-123.0861111,43.92972222,390
-122.4843,42.3734,70
-123.7613889,43.04222222,166
-120.91204,44.35683,60
-123.665267,42.133248,114
-123.633569,42.24453,182
-123.676674,42.112353,62
-123.526545,42.30102,94
-123.66224,43.03608,25
-123.263,44.968,220
-123.288,45.201,130
-122.55,44.9241666,415
-123.376954,42.488529,125
-123.667479,42.131216,40
-121.1629,44.09415,620
-123.727061,42.007765,141
-121.4767,44.23802,340
-122.7027778,42.35388889,270
-122.36423,45.34583333,96
-123.0669444,43.80833333,318
-122.6752778,44.10654444,40
-122.6755556,44.10577778,40
-122.3336111,44.20861111,30
-123.1797222,43.70805556,110
-122.9355556,43.88861111,80
-123.623019,42.150177,103
-117.6719444,45.80805556,60
-123.27421,45.1831,26
-120.96909,44.24144,847
-117.0805556,43.71555556,118
-123.0325,43.26416667,120
-121.3022222,44.28555556,575
-123.350537,42.385974,73
-121.2438889,44.25861111,260
-123.437674,42.466436,468
-122.9902,44.678,145
-123.16638,45.11194,180
-122.9166,44.9652,80
-123.1072,44.9644,120
-123.23303,44.63818,43
-120.7105556,44.305,90
-123.399481,42.694098,64
-123.275686,42.281779,78
-120.7902778,44.16777778,460
-123.0477778,43.95972222,160
-122.9744444,43.94277778,60
-123.597503,42.295514,42
-117.0386111,44.00305556,27
-123.387489,42.591994,38
-122.808438,45.888181,83
-122.8319444,42.26305556,141
-123.2727778,43.24527778,187
-121.51163,44.28299,53
-123.608938,42.071313,22
-121.0375,44.29583333,267
-120.776945,44.221992,260
-122.25362,42.2451,60
-122.3437,42.2303,95
-123.1049,42.2591,110
-122.27169,45.2903,70
-123.384431,42.486663,131
-122.5444,42.1783,100
-122.4078,42.103,455
-122.5592,42.2206,72
-122.3818,42.2571,55
-122.5443,42.1786,140
-123.056836,42.387139,165
-122.9113,45.0141,70
-123.033,45.0738,40
-120.7286111,44.14888889,640
-123.63324,42.022718,78
-122.7058333,44.59277778,180
-123.5083333,43.14916667,96
-123.3583333,43.07805556,261
-120.8078,44.1503,690
-123.436281,42.687816,52
-121.97492,44.197303,238
-123.135337,42.823318,74
-121.5419444,43.72583333,46
-122.8527778,42.41638889,109
-123.1147222,45.20194444,31
-123.1286111,45.10666667,135
-123.387215,42.452745,81
-121.81976,43.39368,8
-116.97307,44.14045,40
-121.7144444,43.66694444,58
-116.9713889,44.37333333,26
-116.9663889,43.98972222,18
-122.8638889,42.4675,125
-123.0902,45.0325,15
-123.0897,45.0741,60
-121.35698,45.62216,375
-122.7541667,43.68416667,70
-123.3488889,44.03111111,135
-122.9441667,43.99194444,90
-122.9533333,44.00583333,75
-122.9405556,43.91472222,380
-122.9386111,43.91638889,430
-122.9438889,43.91611111,86
-122.9463889,43.9125,160
-123.2711111,45.22333333,348
-121.345115,42.169154,124
-123.5527778,43.60944444,270
-123.7030556,43.66305556,138
-123.5102778,43.50694444,190
-123.3722222,43.43666667,76
-121.4855556,43.53769444,51
-122.7558333,42.20583333,102
-123.3719444,43.38756111,97
-123.7022222,43.03333333,48
-120.14854,43.40744,190
-123.567096,42.16201,61
-123.530289,42.296355,43
-123.621626,42.148448,162
-123.681339,42.099437,24
-122.45404,42.754518,123
-122.55033,42.720742,123
-122.938131,42.248542,92
-123.82812,44.40167,76
-123.1844444,45.25472222,31
-123.0361111,45.12361111,22
-117.0869444,43.97305556,80
-117.0522222,43.86527778,60
-117.0733333,43.91,180
-123.15797,45.5148,15
-123.0655556,42.74194444,56
-123.6247222,43.3175,67
-123.2455556,43.40805556,53
-123.5236111,43.50305556,131
-123.5563889,43.56694444,62
-123.1008333,45.27083333,120
-122.7816667,45.00833333,360
-123.2469444,45.09305556,11
-122.90247,44.85265,140
-122.90184,44.89596,30
-121.59,45.648,120
-121.54,43.57972222,22
-122.66275,45.51866389,25
-122.6914083,45.54777778,26
-122.6914,45.54777778,26
-123.37291,44.49605,60
-123.529219,42.298996,104
-122.5391,42.2348,55
-121.5891667,43.54888889,34
-116.9947222,42.88138889,16
-121.786,43.2243,41
-121.5136111,44.04444444,11
-120.7741667,45.89611111,205
-123.659061,42.12025,81
-120.7688889,44.33333333,150
-121.5680556,43.85083333,122
-118.7288889,43.44944444,27
-123.600995,42.292601,56
-123.23061,44.639,25
-123.7272222,43.57444444,280
-123.5516667,43.44388889,370
-123.6963889,43.69194444,257
-123.2183333,42.97944444,51
-123.0658333,44.05083333,60
-122.98,43.94972222,35
-123.1269444,43.97555556,160
-123.0728333,43.74798333,40
-123.0211111,44.10027778,22
-123.632665,42.162754,81
-121.26,44.20805556,430
-117.0453,43.7178,30
-117.06703,43.71493,117
-123.537009,42.147474,85
-122.4652778,42.12222222,285
-121.4733333,45.19972222,80
-123.451066,42.522536,114
-123.63829,42.131191,102
-116.9344167,44.06369444,35
-117.818794,45.296584,25
-117.6275,43.88055556,36
-117.6341667,43.88055556,240
-117.0458333,43.79666667,12
-121.822069,42.123388,116
-122.96714,44.93665,40
-123.13635,44.97264,400
-122.5391,42.3129,150
-123.0777,42.2682,70
-123.0264,42.2439,180
-122.366,42.2397,110
-122.3753,42.2545,100
-123.174236,42.431263,83
-123.2994444,43.56222222,98
-123.1427778,43.57111111,134
-123.1283333,43.47333333,33
-123.6416667,43.20916667,135
-123.5702778,42.99666667,110
-123.545,42.99194444,125
-123.7380556,43.04666667,27
-122.567421,42.370008,63
-123.26575,44.60522,27
-123.27919,44.60596,88
-121.2755556,44.42166667,480
-121.03751,44.18741,605
-123.366981,42.411403,61
-122.7388889,42.21611111,302
-122.7391667,42.21555556,146
-123.509138,42.21332,62
-121.5997222,43.57,28
-121.4975,43.53694444,65
-123.32915,44.58276,190
-122.7319444,42.1925,222
-122.09334,42.471862,66
-118.0730556,43.42138889,630
-122.5219,42.25,35
-122.3708,42.2543,135
-122.4914,42.3843,140
-123.1275,43.31083333,92
-119.8098611,44.60416667,190
-123.5052778,43.12805556,64
-123.4955556,43.27194444,118
-119.9144444,44.62611111,54
-123.0169444,44.10416667,150
-123.1073833,44.45888333,30
-122.7572333,43.68765,55
-122.39207,45.19468,35
-119.8994444,44.64,420
-119.8988889,44.66055556,75
-119.8208333,44.77972222,97
-117.08,43.95083333,160
-118.2211111,42.46944444,240
-121.04363,42.394402,292
-122.9491667,45.32305556,126
-123.2652778,45.22083333,85
-123.2597222,45.37916667,128
-123.1513889,45.21944444,36
-123.03906,44.0717,9.6
-123.03941,44.07149,9.6
-123.187491,42.430291,115
-123.449613,42.369869,106
-123.425254,43.359623,82
-122.872073,42.97649,23
-123.170589,42.955367,183
-123.03844,44.0715,9.6
-121.790235,42.205355,32
-123.2322222,43.03027778,33
-123.3152778,42.92138889,105
-123.2369444,43.41638889,88
-123.5997222,43.58305556,53
-123.3166667,42.94722222,166
-123.4422222,43.28805556,120
-123.71971,42.074597,54
-123.649981,42.193431,59
-121.553636,42.053338,168
-122.4848,42.3132,210
-122.4919,42.3806,180
-122.4921,42.3865,210
-122.5434,42.3088,40
-122.5544,42.2345,45
-122.6130556,42.2475,137
-122.8238889,42.265,96
-122.76004,44.95945,240
-122.58379,44.80212,270
-122.58363,44.80212,90
-122.99674,44.84262,160
-123.0564,44.8545,270
-122.81419,44.91252,220
-122.29182,45.27702,33
-123.1730556,43.96833333,335
-118.6666667,45.56666667,30
-122.085287,42.52235,13
-120.7830556,44.17111111,580
-121.4512,44.35235,616
-123.47896,42.383099,54
-117.2094444,43.99166667,16
-117.2183,43.98590278,16
-117.0678861,43.65150278,5
-117.0882139,44.01233611,20
-117.1121778,43.96773611,125
-117.0364083,43.95328889,122
-123.130404,42.353272,34
-123.311822,42.321316,87
-123.394851,42.551073,102
-123.0205,42.2712,51
-123.0173,42.2634,230
-122.5985,42.2526,240
-121.921078,42.573176,124
-123.038048,43.795786,79
-121.388,45.68419,270
-121.4677778,44.32,530
-122.94125,43.98143333,90
-120.0355556,44.8875,382
-120.0847222,44.86138889,412
-120.0316667,44.66833333,210
-120.0394444,44.84972222,205
-119.8211111,44.79805556,100
-123.3225,43.61638889,235
-123.5208333,43.26611111,24
-123.4736111,43.6942,102
-122.66687,45.28064,176
-123.43221,44.4962,517
-122.8280556,42.28666667,72
-117.1311111,43.80916667,50
-123.1030556,45.08638889,190
-123.1677778,43.31222222,178
-123.2802778,43.52166667,41
-123.618456,42.054169,35
-122.3312,42.1454,210
-122.4897,42.1225,90
-121.3791667,44.14722222,545
-122.7163889,42.21833333,163
-121.2647222,44.38111111,235
-121.565601,42.182285,85
-120.7522222,44.22944444,250
-123.192611,43.278371,67
-121.9444444,45.93388889,215
-120.6683333,44.22527778,255
-123.34402,44.58416,190
-123.1216667,45.07638889,174
-121.31277,45.56387,132
-123.638659,42.186183,49
-123.704591,42.067191,203
-121.8244444,45.34611111,23
-121.770797,42.164168,35
-123.34563,44.58412,146
-123.03532,44.80684,400
-122.85589,44.52649,200
-122.85799,44.52579,380
-123.03434,44.97373,60
-122.92369,44.85248,90
-122.2363889,42.21777778,94
-123.3444444,43.25221111,92
-123.2780556,43.04972222,144
-123.3244444,43.49055556,138
-123.634601,42.177316,62
-123.256563,43.299401,231
-120.8333333,44.09638889,70
-120.8069444,44.86111111,315
-123.17,43.63333333,166
-123.5775,43.09305556,90
-123.5772222,43.0925,179
-123.5766667,43.09361111,125
-123.2272222,45.32555556,60
-123.727984,42.063663,72
-123.588768,42.277516,86
-121.2611111,44.25194444,380
-120.5911111,45.12388889,410
-117.2475,43.99477778,212
-116.9921667,44.03136111,50
-116.9921944,44.01080556,41
-121.507,43.54663889,60
-122.5977778,42.02888889,102
-121.5466667,46.10666667,275
-123.067128,43.297328,87
-123.186547,43.309925,101
-118.5677778,45.90916667,230
-117.0663889,44.00944444,10
-123.36167,44.56449,107
-123.1638,44.3621,150
-123.36119,44.55819,72
-121.4908333,44.31194444,480
-123.2411111,45.30527778,23
-119.6386111,44.58972222,35
-121.90966,42.526463,69
-123.25804,44.64483,360
-123.38832,43.274573,55
-123.340744,43.492086,79
-123.330918,42.409826,138
-123.439742,42.463005,165
-123.263389,42.419479,173
-123.3780556,43.66277778,96
-123.5672222,43.09694444,61
-123.2736111,42.94416667,182
-123.2066667,43.41055556,109
-123.2197222,43.47194444,73
-123.22,43.47388889,49
-123.3575,43.46166667,46
-123.2822222,43.69833333,181
-123.5669444,43.095,34
-122.7761111,42.38583333,42
-121.2133333,44.01194444,945
-122.88514,44.86696,132
-123.18129,44.99672,180
-122.90164,44.89758,85
-122.54399,44.51693,54
-117.0155556,44.00611111,2
-121.4975,43.54138889,30
-119.0905556,44.34333333,16
-116.98112,44.06952,12
-121.65285,42.189621,528
-123.18946,42.775106,55
-121.1063889,44.35333333,220
-121.1047222,44.35444444,220
-123.397007,42.40605,342
-122.4676111,45.49,12
-121.5133333,44.26777778,280
-123.32797,44.58412,380
-122.5802778,42.38027778,58
-122.9813889,42.30416667,139
-123.627024,42.25065,58
-122.8791667,43.73611111,88
-122.8371167,43.9717,280
-122.2033167,44.17383333,30
-123.07525,43.66625,75
-122.7888889,44.58583333,358
-122.1602333,44.17393333,40
-123.395,44.05944444,50
-123.3952667,44.06216667,48
-123.1078833,43.81033333,146
-123.98825,44.6041,112
-123.575703,43.070277,58
-123.426867,42.396964,104
-123.581433,43.093327,104
-117.1322222,43.83944444,240
-123,42.2566,350
-123.0494,42.3099,60
-122.3973,42.3033,90
-122.3376,42.4514,195
-123.1187,42.3407,115
-121.23103,45.50945,65
-123.4016667,43.40305556,215
-123.3363889,45.15111111,189
-123.3352778,45.14666667,347
-123.0602778,45.10833333,9
-123.28963,44.61892,68
-123.275533,43.049734,76
-121.2011111,44.34111111,149
-123.535651,43.241631,125
-123.420832,42.42164,33
-123.466039,42.517631,26
-122.6472222,42.14277778,98
-122.7916667,42.25138889,74
-117.6441667,43.9775,2
-123.0672222,43.29583333,30
-122.771825,42.265157,154
-123.36842,44.46686,70
-123.33279,44.58219,142
-123.05691,44.85604,260
-123.15185,44.9313,80
-123.0594444,42.15054444,90
-121.68923,42.177814,35
-123.0476,44.65468,50
-123.387334,42.528947,248
-121.6402778,44.45,7
-123.380814,42.43826,58
-122.6288889,42.57888889,175
-123.03956,43.48531,295
-117.0187806,43.87253056,22
-123.449206,42.479742,86
-117.7616667,44.64333333,365
-122.7863889,42.22055556,61
-123.619969,42.265117,105
-123.0788889,45.21888889,38
-123.5052778,45.02861111,93
-120.9111111,44.53666667,150
-123.542305,42.362418,126
-123.3392,44.50055,85
-121.654188,42.192727,795
-120.1569444,44.84472222,250
-123.57903,44.66796,46
-122.98245,44.79827,220
-122.63551,45.01642,120
-122.62448,44.90672,360
-122.5348,42.2435,90
-117.3880556,43.96944444,75
-123.0972222,45.23833333,25
-123.2658333,45.17972222,13
-123.4455556,45.09444444,58
-123.33356,42.364053,37
-122.71106,45.31174,63
-123.07216,45.7286,110
-123.680109,42.142083,33
-123.680872,42.100772,31
-123.21299,44.64246,113
-117.4683556,44.02380556,16
-116.9958333,44.06388889,230
-117.0883333,43.79444444,41
-117.4633333,44.02138889,15
-123.3627778,42.54833333,19
-123.410171,42.419366,61
-123.23348,44.559,20
-122.5891667,45.58833333,15
-122.5888889,45.58805556,16
-122.6916667,45.66972222,12
-122.6877778,45.6675,6
-122.6822222,45.66472222,7
-122.6747222,45.65916667,7
-122.6863889,45.65805556,5
-122.6877778,45.66,4
-122.6922222,45.66277778,4
-122.6972222,45.66527778,4
-122.6997222,45.66583333,7
-122.7047222,45.66444444,6
-122.6772222,45.66388889,5
-122.994059,42.500523,31
-122.53061,45.18707,160
-121.3705556,44.13,44
-123.09421,44.987,360
-123.1325,45.18305556,52
-123.1263889,45.19916667,52
-122.77,42.27138889,102
-122.8216667,44.405,76
-117.0513889,44.03722222,140
-123.3363889,43.5025,24
-123.2313889,43.02861111,290
-123.2794444,43.38722222,45
-122.5288,42.3243,120
-123.1223333,44.85275,40
-122.95289,44.77707,120
-123.06624,44.75298,19
-122.9068,45.38205,72
-121.43,45.67,115
-123.33794,45.30834,43
-122.58966,45.58749,7
-122.5899,45.58252,7
-122.59016,45.58762,7
-122.59032,45.58767,7
-122.59648,45.58778,7
-122.59073,45.5878,8
-122.59108,45.58772,8
-122.5906,45.58738,9
-122.59842,45.58728,8
-122.59016,45.58718,8.5
-122.59004,45.58714,9
-122.58982,45.58708,8
-123.28115,45.27031,32
-122.4081,45.3423,280
-122.4425,42.2206,260
-123.0007,42.2485,70
-123.1969444,45.12555556,116
-121.16621,44.32268,250
-118.0313889,45.32527778,215
-122.72757,44.387,155
-122.6880556,42.3432,105
-122.9686111,42.38444444,150
-123.0405556,42.23472222,100
-123.1288889,42.4275,50
-123.4316667,44.3625,70
-118.9697222,44.43416667,89
-122.9841667,42.61527778,100
-122.9394444,42.5225,280
-122.5137,42.2643,110
-123.0444444,45.66111111,160
-123.672368,42.104349,194
-123.623144,42.091791,81
-123.1380556,45.13027778,334
-117.0163889,43.87361111,18
-117.2152778,43.98513889,16
-123.26792,44.60555,20
-118.9383333,44.39583333,139
-119.5405556,44.81472222,16
-119.01733,44.29708,84
-123.494017,42.511501,6
-121.30387,44.11781,760
-121.3133333,43.73,400
-122.88007,45.27369,487
-123.1,42.47055556,59
-123.0905,42.2628,80
-123.15,42.43694444,145
-123.9001,45.43638889,130
-123.23,43.39083333,130
-123.234174,42.303013,102
-122.82527,45.29374,39
-123.369961,42.489114,224
-117.4836111,44.02555556,240
-122.6844444,44.80277778,26
-123.269561,42.225646,139
-117.3456944,43.98363889,98
-122.02798,44.6989,25
-117.784099,45.302653,8
-122.84885,45.67172,54
-123.628127,42.041637,81
-123.0647222,45.20083333,50
-123.0927778,44.99388889,25
-122.9166667,45.63333333,470
-121.24236,44.73654,830
-123.529649,42.297934,142
-123.437717,42.466246,178
-122.96003,45.01013,60
-122.90319,44.52342,65
-123.10703,44.62157,19
-118.045943,45.476494,10
-123.594854,42.302896,107
-123.0547222,42.4125,101
-121.2062,44.24059,455
-117.1156111,44.179,45
-116.9821111,44.24080556,18
-121.5397222,44.345,455
-123.3016667,42.96055556,91
-123.2297222,43.39777778,34
-120.7780556,44.16944444,340
-122.95065,45.37125,161
-123.380859,42.438262,35
-123.352353,42.404077,181
-117.6016667,43.88277778,80
-117.2678944,44.02586389,60
-123.17423,45.38482,67
-123.2769444,45.15305556,65
-123.2361111,43.07638889,50
-123.51,43.05555556,180
-123.5936111,43.30611111,44
-123.6111111,43.51083333,155
-120.8119444,44.15055556,750
-119.41373,44.46939,27
-122.839653,42.592472,671
-123.1627778,44.8627778,22
-122.79466,45.38187,134
-123.506842,42.438868,181
-122.8056,44.60909,74
-117.967615,45.442195,62
-123.519581,42.147477,62
-123.119221,42.45324,119
-122.7241667,45.16444444,8
-123.529441,43.22507,75
-123.345382,43.615228,80
-121.2,45.6,182
-117.2948778,43.76689167,270
-121.3952778,44.10638889,285
-121.1963889,44.23861111,362
-123.13,45.33777778,72
-122.92869,45.35637,78
-123.6763889,43.40583333,50
-123.6769444,43.42861111,145
-123.306989,42.555981,39
-122.743309,44.689754,305
-117.1208333,45.54222222,590
-123.6113889,43.73083333,88
-122.6805556,45.15805556,22
-122.8897222,44.90666667,48
-122.961045,46.051277,160
-122.864303,45.952883,380
-123.29813,42.525096,46
-122.97339,42.2971,190
-122.95741,45.34088,226
-118.4733333,45.22,2.5
-123.232109,44.591341,20
-117.4177778,44.57083333,100
-122.89725,42.27791,188
-123.09841,45.05666,280
-122.97885,44.82058,120
-123.05244,44.81061,200
-120.1241667,44.6675,70
-123.495416,42.431082,82
-123.303061,42.414308,51
-123.138118,44.770215,20
-123.0443833,44.64985278,7
-123.0443833,44.64901944,7
-123.7522222,43.11527778,36
-123.8669444,43.265,33
-123.5508333,43.30833333,86
-123.3158333,43.69416667,35
-123.7305556,43.09805556,55
-122.9661111,45.30472222,47
-117.0539,43.52199,8
-116.94918,44.02293,15
-122.7386,42.20604,372
-122.78365,44.346267,215
-119.8580556,44.86333333,375
-122.5675,45.57759,4
-122.9355556,42.32111111,62
-123.06,42.38,240
-122.56664,45.57736,4
-122.56663,45.57735,4
-123.0838889,42.05388889,90
-122.6161111,42.41277778,155
-122.9980556,45.09194444,112
-122.56654,45.57747,4
-122.56656,45.57747,4
-122.56649,45.5775,4
-123.47492,42.4145,214
-122.70895,45.05593,120
-122.98965,44.7374,28
-123.04443,44.97607,18
-123.05193,44.8028,60
-122.56644,45.57755,4
-122.806681,44.471408,27
-122.56641,45.57754,4
-122.56646,45.57761,4
-122.56641,45.57761,4
-122.56641,45.57762,4
-122.56635,45.57763,4
-122.56639,45.57765,4
-122.56638,45.57773,4
-122.56637,45.57774,4
-122.56632,45.57774,4
-118.0853611,44.65552778,300
-122.89278,42.28364,355
-122.56627,45.57777,4
-122.76228,42.46823,260
-122.57725,45.5668,4
-122.56651,45.57736,4
-122.56658,45.57743,4
-122.56655,45.57746,4
-122.56651,45.5775,4
-122.56627,45.57782,4
-122.56624,45.57782,4
-122.56622,45.57787,4
-122.5662,45.57788,4
-122.56622,45.57789,4
-122.56621,45.5779,4
-122.56621,45.57793,4
-122.56618,45.57799,4
-122.56616,45.57799,4
-122.56606,45.578,4
-122.56606,45.57802,4
-122.56598,45.57804,4
-122.56647,45.57751,4
-123.2866667,45.16916667,122
-120.17,44.55416667,469
-122.977968,44.385837,28
-116.9851,44.24125,9
-120.2111111,44.52055556,460
-123.2952778,43.80194444,154
-123.1411111,42.90555556,287
-122.6991667,42.21777778,243
-122.59,42.07694444,122
-119.0066667,43.77388889,58
-122.9880556,44.89361111,9
-122.59819,42.07438,55
-120.6,45.65,210
-117.0477778,44.02555556,14
-121.4444444,44.20305556,365
-123.59627,42.24133,32
-123.53,43.24055556,266
-123.5505556,43.42277778,81
-123.204558,44.43542902,50
-122.79393,42.21893,266
-123.25331,42.42346,61
-123.612173,42.292923,78
-121.2666667,45.63333333,35
-122.7547222,44.98444444,66
-122.76295,44.7745,260
-123.51653,45.02619,380
-123.51635,45.02793,200
-123.168251,44.662329,38
-123.397721,42.475621,152
-123.20043,42.58044,41
-122.7833333,42.23138889,59
-122.652489,44.400459,460
-123.029428,42.940186,135
-123.025244,42.940933,85
-117.2094444,44.94611111,335
-123.2883333,43.53754444,204
-123.2416667,43.44055556,45
-123.2841667,43.57694444,90
-123.5436111,43.60916667,440
-123.4686111,43.24583333,45
-122.83015,42.61099,67
-122.9280556,42.36388889,216
-122.8677778,42.3725,79
-123.205,45.36861111,94
-121.21049,44.06459,660
-122.8791667,42.56777778,95
-123.1433333,42.39166667,100
-122.8591667,42.48333333,160
-122.9730556,42.41944444,60
-123.1552778,42.265,75
-122.7363889,42.22111111,50
-123.3733333,42.38861111,180
-123.2697222,44.60138889,61
-122.7736111,45.28955556,38
-123.2027778,45.37194444,140
-123.3083333,43.53916667,30
-123.6902778,43.03944444,47
-123.0619444,45.14333333,20
-117.1519444,44.085,85
-123.403986,42.506787,81
-123.41589,42.54546,117
-122.8897222,44.925,48
-122.8838889,42.90833333,181
-123.7497222,43.04472222,189
-123.388176,42.538313,166
-123.48959,42.42947,87
-121.65267,44.44356,15
-123.080839,43.276234,23
-123.213971,43.208007,73
-123.532813,43.110437,260
-122.585889,45.586468,20
-122.75877,42.23967,300
-117.4013889,43.93027778,417
-117.4122222,43.91638889,530
-122.8986111,42.39694444,54
-122.8113889,42.61944444,78
-122.6466667,42.30916667,74
-122.8308333,42.41305556,52
-122.9313889,42.26972222,117
-122.7916667,42.52916667,22
-122.6988889,45.67555556,12
-122.95467,42.06397,352
-123.1161111,44.99027778,72
-123.5311111,43.49972222,228
-123.815,43.5925,182
-122.76146,44.95898,144
-123.500949,43.296787,132
-123.249048,43.498519,65
-123.33366,43.617388,96
-123.33017,42.37568,553
-117.0433889,43.91333333,416
-122.847879,44.493389,26
-122.930867,44.572397,38
-123.1330556,45.08638889,57
-122.9705556,45.12777778,30
-122.9386111,42.22416667,65
-123.24251,42.13711,146
-121.3041667,44.14611111,720
-120.0516667,44.12222222,265
-118.42,44.27,121
-123.111081,44.645754,30
-122.98478,42.21911,130
-123.0841667,42.11,610
-123.08432,42.1102,585
-123.1111111,45.30722222,101
-123.1,45.2325,22
-122.947888,42.366764,153
-122.931057,44.627904,26
-122.7827778,42.50333333,22
-122.30882,45.21541,135
-122.76065,44.95897,130
-123.6754722,43.01847222,98
-123.0841389,43.27869444,68
-123.755183,46.076392,160
-123.34397,43.49773,203
-121.79847,43.4015,10
-123.0013889,44.8175,54
-122.59653,42.10009,50
-122.9939,42.3932,45
-123.157018,44.614375,31
-123.126431,43.303172,57
-123.0172222,43.30222222,58
-122.70664,44.78871,25
-122.88041,44.92451,290
-123.1002778,44.9025,96
-122.9566667,44.95444444,15
-122.9604,43.7794,58
-122.865,42.20111111,44
-122.8341667,42.51416667,12
-122.795,42.6575,66
-123.395859,43.24073,133
-122.578804,45.525141,7
-123.1288889,45.69805556,45
-122.987573,44.034845,18
-122.94878,45.37294,143
-123.1190139,45.82905556,15
-117.9950833,43.63369444,690
-123.3358333,45.05361111,240
-122.98918,44.7368,30
-122.83663,45.11092,80
-122.869084,44.485304,33
-122.9341,42.42363,51
-121.0175,44.53777778,170
-123.5872222,43.74527778,80
-123.1708333,43.57861111,48
-123.560467,43.438585,126
-123.25,43.14,24
-117.6854444,43.79775,23
-117.6815278,43.80197222,135
-117.55994,42.13742,17
-117.55789,42.13914,90
-123.1244444,45.25222222,8.5
-123.627258,42.121331,89
-122.6833333,45.18333333,115
-123.29879,42.39203,97
-122.50461,44.77731,120
-123.36666,42.37405,93
-122.9505,42.61459,170
-122.41979,42.22325,205
-123.66198,43.03619,32
-121.3086111,44.16777778,300
-121.4836111,43.750025,704
-123.575849,42.105318,61
-121.1719444,44.38777778,200
-122.93361,44.87271,240
-122.93388,44.87326,140
-122.74169,44.99761,147
-120.00111,44.73801,210
-120.01077,44.73226,45
-121.925671,42.547307,330
-117.0177778,44.18388889,18
-121.3694444,44.04,410
-123.7605556,43.57138889,40
-122.79982,44.9927,210
-122.483,42.3719,100
-122.5551,42.3114,370
-122.82,42.61444444,102
-123.093073,44.499444,32
-123.085532,44.542588,36
-122.6755111,45.53645556,30
-122.75231,42.66428,154
-122.49125,42.27577,229
-122.8652778,44.86888889,11
-122.886635,44.465919,60
-122.6455556,42.8,100
-122.7605556,42.24472222,260
-122.8566667,42.51722222,50
-120.5702778,44.33777778,170
-123.3522222,44.85361111,15
-122.9055556,44.88527778,35
-123.3533333,44.955,225
-123.06784,44.04514,2
-123.06757,44.0443,2
-123.06786,44.04522,2
-123.06681,44.04542,2
-123.06764,44.04432,2
-122.06679,44.04539,2
-123.06771,44.04435,2
-123.06679,44.04566,2
-123.06779,44.04435,2
-123.06679,44.04529,2
-123.06785,44.04433,2
-123.06564,44.04431,2
-123.06577,44.0443,2
-123.06789,44.04439,2
-123.06586,44.04429,2
-123.0679,44.04438,2
-123.06783,44.04442,2
-123.06789,44.04449,2
-123.06789,44.04452,2
-123.06783,44.04459,2
-123.06785,44.04466,2
-123.06787,44.04469,2
-123.06788,44.04473,2
-123.06792,44.04479,2
-123.06594,44.04429,2
-123.06788,44.04483,2
-123.06601,44.0443,2
-123.06787,44.04486,2
-123.06783,44.04491,2
-123.06606,44.0443,2
-122.06614,44.0443,2
-123.06785,44.04498,2
-123.0662,44.04432,2
-123.06625,44.04432,2
-123.06785,44.04504,2
-123.06632,44.04432,2
-123.06789,44.04506,2
-123.06641,44.04431,2
-123.06789,44.0451,2
-123.06652,44.04432,2
-123.06661,44.0443,2
-123.06667,44.0443,2
-123.06673,44.0443,2
-123.0668,44.0443,2
-123.06689,44.0443,2
-123.06695,44.04429,2
-123.067,44.04429,2
-123.06709,44.04439,2
-123.06716,44.0446,2
-123.06722,44.0446,2
-123.06729,44.0443,2
-123.06737,44.04431,2
-123.06744,44.04431,2
-123.0675,44.04433,2
-123.483198,43.244988,24
-122.8344444,42.48083333,102
-123.06545,44.04539,2
-123.06544,44.04531,2
-123.06531,44.04502,2
-123.06525,44.04499,2
-123.06523,44.04494,2
-123.06523,44.04488,2
-123.06517,44.04484,2
-123.06518,44.04481,2
-123.06523,44.04476,2
-123.06544,44.04466,2
-117.1661111,44.07805556,22
-123.06785,44.04538,2
-123.06773,44.04542,2
-123.06767,44.04541,2
-123.06762,44.04541,2
-123.06756,44.04541,2
-123.0675,44.04541,2
-123.06742,44.04542,2
-123.06728,44.04542,2
-123.06721,44.04541,2
-123.06696,44.04541,2
-123.06571,44.04544,2
-123.0655,44.04542,2
-123.06541,44.0452,2
-123.06535,44.04514,2
-123.06528,44.0451,2
-123.06528,44.04474,2
-123.06532,44.04473,2
-123.06536,44.04469,2
-123.0656,44.04455,2
-123.0655,44.04462,2
-123.06555,44.04461,2
-123.06675,44.04532,2
-123.06669,44.04533,2
-123.06661,44.04535,2
-123.06652,44.04536,2
-123.06692,44.04542,2
-123.06635,44.04544,2
-123.06564,44.04453,2
-123.06621,44.04545,2
-123.06616,44.04546,2
-123.0657,44.04451,2
-123.06614,44.04545,2
-123.06606,44.04544,2
-123.06714,44.04541,2
-123.06707,44.04541,2
-123.06598,44.04544,2
-123.06704,44.04541,2
-123.06592,44.04544,2
-123.06649,44.04431,2
-123.0685,44.04528,2
-123.06785,44.04533,2
-117.1427278,43.78616667,89
-117.1209167,43.82358333,115
-123.06568,44.04446,2
-123.06685,44.04542,2
-123.0665,44.04542,2
-121.31443,44.16882,560
-123.08192,44.7598,11
-123.0788889,45.01805556,22
-121.17906,44.38316,145
-117.0966556,43.77358333,96
-123.618606,42.053765,86
-121.2583,44.39966,150
-123.0069444,42.31916667,98
-122.8688889,42.45416667,198
-122.8969444,42.6175,29
-118.7775,45.79583333,45
-123.12589,44.88289,123
-122.87901,44.88485,70
-123.2019444,43.33972222,160
-123.648702,42.167772,101
-123.17126,42.57729,81
-121.2458333,44.13,680
-121.0702778,44.35194444,90
-122.222773,45.435937,27
-120.9702778,44.23833333,457
-122.500271,44.390673,58
-122.461834,44.396276,76
-123.2141667,45.32888889,38
-118.2988333,43.86580556,10
-120.8125,44.28638889,210
-122.827618,44.58519,109
-123.089931,44.632822,30
-122.6369444,42.46222222,117
-122.6335806,42.16055556,185
-121.3583333,44.09833333,755
-123.0938889,44.96583333,164
-122.9177778,42.30666667,215
-122.8202778,42.61333333,95
-122.7661111,42.47472222,102
-121.6630556,44.43861111,18
-117.0033722,43.87335278,10
-117.31275,43.93520833,16
-117.3145472,44.070875,65
-118.2556111,43.79502778,292
-123.05189,44.80416,80
-123.2666667,44.60083333,15
-122.67683,42.14237,1000
-123.35471,42.385815,168
-122.8716667,45.12083333,8
-123.670479,42.125433,82
-123.6029,42.147405,121
-123.384296,42.487104,128
-120.7786111,42.97388889,15
-116.9816667,45.74861111,10
-123.165897,42.552029,104
-122.992797,42.605005,221
-123.206416,42.58683,72
-123.366789,42.382709,129
-121.31284,44.16155,620
-123.627958,42.041924,88
-117.0610833,43.92475,110
-121.27329,44.19719,480
-123.04477,44.696747,92
-123.64,44.31,138
-123.21049,44.33631,142
-123.4041667,44.4975,444
-120.92735,43.30899,100
-122.9316667,44.92111111,105
-122.9480556,44.94027778,18
-122.7158333,42.46833333,49
-122.8208333,42.60138889,98
-123.4261111,43.38416667,52
-123.6180556,43.45666667,109
-118.2125,44.74833333,20
-123.563694,42.108851,137
-123.56903,42.125582,81
-121.250194,44.181503,565
-123.5355833,43.39080556,45
-123.07675,43.31938889,57
-123.3388333,43.50741667,98
-123.021503,44.67608,40
-123.0313889,45.24722222,28
-122.8402778,45.01583333,18
-122.9538889,44.77583333,55
-122.955,44.77555556,115
-122.9538889,44.77555556,124
-122.9536111,44.77583333,57
-122.9555556,44.77694444,60
-122.76083,42.3255,10
-122.64302,42.13816,0
-123.034558,44.648347,12
-122.91726,44.90027,70
-122.8408333,42.46861111,129
-122.7766667,42.65777778,53
-122.8261111,42.65777778,126
-122.8047222,42.26333333,88
-123.2836111,45.35388889,23
-117.7630556,44.80416667,145
-118.0966667,44.71194444,195
-120.6957056,43.23721667,62
-122.63825,42.1486,0
-122.88575,42.29487,33
-123.5533333,43.41944444,32
-123.5747222,43.43027778,70
-117.33825,44.06923889,140
-117.3298639,43.94859444,372
-116.9967611,43.89123611,8
-123.389505,42.404157,121
-123.380146,42.705257,159
-120.2122222,44.60027778,380
-118.0969444,44.71305556,260
-123.2513889,45.32055556,30
-122.9433333,44.94361111,51
-119.97879,43.33327,90
-122.72282,44.39844,11
-122.9157778,44.95722222,21
-118.086336,45.329446,11
-122.8958333,44.83861111,11
-123.407254,42.425236,15
-122.74421,42.80598,102
-122.6005556,45.03805556,72
-123.497291,42.382981,82
-122.742341,44.39775,80
-122.669353,44.366627,30
-123.26998,44.60473,23
-121.932079,42.128614,154
-123.07571,42.23383,163
-123.030613,44.741267,35
-123.6125,43.23777778,155
-123.8727778,43.68777778,166
-123.5530556,43.14222222,287
-123.645,43.3325,97
-123.2191667,43.45222222,27
-122.901384,44.561013,90
-121.84019,43.35875,6.5
-122.8491667,42.53972222,171
-122.8283333,42.67861111,78
-122.7766667,42.60305556,205
-122.7394444,42.22527778,126
-122.6886111,42.57777778,187
-122.7747222,42.33416667,216
-122.8333333,42.48055556,166
-122.80846,42.22129,155
-123.1732222,43.10958333,65
-120.75543,44.169794,275
-122.3887778,43.57552778,14
-121.50319,44.29253,309
-122.74363,44.83381,490
-121.653783,42.044948,18
-119.8361111,44.47166667,150
-119.8466667,44.49527778,83
-119.8111111,44.46888889,395
-117.778618,45.31099,249
-122.894116,44.561021,87
-123.658961,42.129485,92
-123.562716,42.106472,103
-123.325963,46.114928,60
-121.83075,43.34231,11
-117.0005556,43.879625,12
-121.22873,44.113,685
-123.044594,44.65612,42
-121.30621,44.15635,640
-121.41313,44.1628,485
-121.79629,43.40309,11
-121.32489,44.71222222,573
-117.2196389,43.98586111,20
-122.52833,45.275,99
-123.4288889,43.67611111,74
-123.2477778,43.54111111,38
-123.3155556,43.55333333,160
-118.0963889,44.71333333,490
-121.29594,44.2813,586
-123.1105572,44.95805556,123
-122.7266667,42.56416667,98
-122.8302778,42.60194444,56
-122.8741667,42.49083333,307
-122.8730556,42.49111111,256
-123.10948,44.54942,19
-123.3886111,43.56027778,90
-123.5980556,43.57861111,30
-123.6541667,43.27555556,59
-123.5641667,43.27166667,220
-123.06288,44.8509,200
-121.3630556,44.11277778,300
-118.6875556,43.81305556,150
-122.9788889,44.81111111,28
-123.1341667,44.83333333,12
-123.25409,44.63591,30
-122.96884,44.75747,318
-123.1380556,45.09222222,103
-117.0525,44.31027778,605
-123.4625,43.17972222,90
-122.980595,42.406182,73
-121.83701,43.35614,10
-122.59896,45.36841,98
-123.514535,42.423236,360
-117.3994444,43.76416667,248
-117.28,43.72222222,35
-120.97558,44.73499,55
-121.79312,43.42922,7
-122.8822222,44.95833333,66
-117.065546,43.97132,20
-122.7319444,45.17472222,85
-117.1712583,43.8095758,65
-123.484663,42.395894,31
-123.524135,42.231179,112
-123.569039,42.166066,140
-123.402302,42.413887,110
-123.3414722,42.952,213
-121.4061111,44.33861111,690
-121.5386111,44.02194444,10
-122.75543,44.91665,140
-123.32052,45.197,80
-123.30842,45.20032,70
-123.30894,45.20041,440
-122.8394444,42.56111111,116
-122.8152778,42.62194444,93
-122.66878,42.21435,309
-122.931949,45.992781,449
-121.47865,44.31035,420
-123.1590278,43.00394444,25
-123.5715,43.635,96
-123.0683333,45.12916667,50
-121.8414,43.34383,13
-123.27228,44.60343,100
-121.83194,43.34404,13.3
-123.4097222,42.46888889,0
-121.84126,43.34695,12
-123.2416667,44.96777778,92
-122.89129,44.67992,95
-122.9405556,42.47611111,303
-116.954541,44.025087,15
-122.71101,45.5409,14
-122.71099,45.54093,14
-122.71101,45.54092,14
-122.71098,45.54092,14
-122.71097,45.54095,14
-122.71098,45.54096,14
-122.71096,45.54097,14
-122.71095,45.54098,14
-122.71095,45.54096,14
-122.71092,45.54097,14
-122.71089,45.54101,14
-122.71088,45.54103,14
-122.71088,45.54104,14
-122.71086,45.54103,14
-122.71083,45.54104,14
-122.7108,45.54105,14
-122.71077,45.54107,14
-122.7108,45.54108,14
-122.71078,45.54108,14
-122.71077,45.54109,14
-122.71075,45.54108,14
-122.71075,45.54111,14
-122.71072,45.54111,14
-122.71072,45.54113,14
-122.71072,45.54114,14
-122.71071,45.54116,14
-122.71072,45.54117,14
-122.71074,45.54118,14
-122.71071,45.54121,14
-122.7107,45.54123,14
-122.71072,45.54124,14
-122.71072,45.54125,14
-122.71072,45.54128,14
-122.71071,45.54128,14
-122.71069,45.54131,14
-122.71071,45.54131,14
-122.71076,45.54132,14
-122.71074,45.54133,14
-122.71078,45.54133,14
-122.7108,45.54132,14
-122.71081,45.54133,14
-122.71083,45.54133,14
-122.71085,45.54133,14
-122.71088,45.54133,14
-122.71089,45.54133,14
-122.71095,45.54132,14
-122.71096,45.54133,14
-122.71098,45.54133,14
-122.71098,45.54132,14
-122.711,45.54134,14
-122.7101,45.54135,14
-122.7104,45.54134,14
-122.7108,45.54134,14
-122.7109,45.54135,14
-122.7126,45.5412,14
-122.7124,45.54121,14
-122.7121,45.5412,14
-122.712,45.54121,14
-122.7118,45.54123,14
-122.7117,45.54123,14
-122.712,45.54126,14
-122.7111,45.54126,14
-122.7111,45.54127,14
-122.7106,45.54125,14
-122.7105,45.54132,14
-122.4877778,42.75694444,70
-122.9858333,42.32583333,60
-122.471,42.2637,100
-123.0277778,42.52802778,138
-122.80975,42.27586111,100
-122.4041,42.0971,130
-123.31946,45.19353,260
-123.13088,45.00815,83
-123.13261,45.00624,160
-123.06222,44.84979,32
-123.22282,44.64376,110
-121.83355,43.34581,3.5
-122.8933333,44.84944444,15
-120.4569,44.84264,60
-122.7113889,42.46805556,38
-122.6432,42.13576,111
-122.8362,42.45454,82
-121.50192,43.20323,9
-122.8269444,45.10055556,44
-116.970547,44.015736,8
-123.0602778,45.20444444,30
-121.2375,44.26138889,340
-122.70551,45.09209,200
-123.11219,45.84655,340
-117.004672,44.091577,80
-120.0266667,42.53444444,40
-123.115,43.36722222,86
-117.12354,43.747422,205
-122.80614,42.40552,29
-117.000983,44.159066,65
-122.43021,42.11475,100
-122.75677,42.5473,660
-122.97185,42.18885,406
-116.9827778,44.08388889,16
-116.9827778,44.09388889,14
-122.91607,42.27844,443
-123.5669444,43.64847222,121
-122.81113,42.62632,130
-122.64065,42.05141,261
-122.98452,42.40459,519
-122.62807,42.05159,300
-122.90898,42.09633,205
-121.0297222,44.12416667,710
-119.31102,44.3987,50
-118.79694,44.44491,4
-122.84508,42.25303,260
-122.63485,42.55949,235
-122.20583,42.35519,330
-123.2609,44.60436,92
-121.3897778,44.13377778,451
-122.5021,42.7174,145
-123.83138,44.40135,16
-123.24758,44.59129,27
-123.71829,44.66542,30
-119.8401028,42.44815278,12
-122.73458,42.20377,114
-122.4869,42.3656,68
-122.4807,42.2323,200
-118.2283333,45.53583333,25
-119.84805,42.45145,75
-121.4283333,44.33805556,630
-122.62524,42.05059,104
-121.1291667,44.36166667,280
-121.7166667,45.53944444,40
-122.899,42.281492,182
-123.0709,44.83162,170
-121.1302778,44.3375,235
-119.7433,44.82222,65
-120.793013,44.184203,341
-120.41841,42.28421,70
-121.0872222,44.34694444,125
-122.698893,44.789827,12
-122.66748,42.20826,162
-119.802,44.79681,810
-123.2488889,43.18555556,27
-123.0880556,43.04472222,33
-122.6982239,44.78525,16
-122.697875,44.78663889,15
-123.001,45.81797,25
-122.73077,42.66084,156
-122.98458,42.29063,272
-122.9138,42.10036,589
-121.1444444,44.32972222,11
-121.1488889,44.05027778,740
-122.77107,42.33486,143
-122.66648,42.16549,0
-123.02068,44.7823,712
-121.609684,45.541751,9
-121.2497222,44.12805556,645
-117.30276,44.001,170
-121.9302194,42.12413333,120
-122.9236111,44.89972222,29
-123.52634,42.235692,99
-121.2402778,44.31666667,180
-123.9761,45.00555,48
-121.4227778,44.83027778,265
-122.9582,44.76073,53
-122.6147222,45.13972222,236
-117.635,44.04083333,29
-117.6383333,44.11972222,41
-123.273288,42.42539,78
-122.8183333,42.60166667,185
-117.3241667,43.98944444,62
-120.42973,42.18075,50
-117.255058,43.994377,140
-123.4958333,43.485,226
-123.2319444,43.62698333,55
-122.93443,42.36914,143
-123.7011111,43.51,255
-123.02081,44.78229,265
-122.7252778,45.30555556,14
-122.9972222,44.76694444,10
-122.9575,44.76033,410
-123.3277778,43.29083333,49
-122.8102778,42.62527778,40
-120.79,45.20722222,160
-120.6977778,45.07333333,165
-122.67031,42.18915,102
-123.0752778,45.00555556,59
-121.4361111,44.23166667,285
-123.7836111,43.62916667,30
-123.2214,43.29512,160
-117.078875,43.91159,320
-123.3902778,44.89694444,163
-123.2911,44.6483,6
-123.4666667,43.24388889,44
-117.2362083,43.99699444,12
-122.7134,42.38842,172
-123.657603,42.143676,161
-122.5942,42.284,80
-123.2772222,43.38711,70
-123.0430556,43.32305556,98
-119.1916667,44.46666667,44
-122.9461111,42.30083333,76
-122.9333333,44.74777778,29
-120.8033333,44.17833333,690
-122.95514,42.40831,418
-122.5926,42.25346,81
-122.4471,42.2311,320
-121.0386111,44.30083333,340
-123.9163889,43.73666667,78
-121.1419444,44.30888889,300
-121.6558333,44.43583333,65
-121.2277778,44.31194444,230
-122.7286111,42.47416667,68
-122.8077778,42.37166667,170
-123.647838,42.142691,92
-123.84123,45.02448,40
-122.93597,42.32612,108
-122.93713,42.36215,108
-122.85738,42.24316,441
-122.800246,44.352496,88
-121.0416667,44.29361111,285
-121.2638889,44.39888889,148
-123.2586111,42.93861111,23
-123.32127,45.19683,140
-122.75732,44.98711,160
-123.17197,45.38832,60
-121.2077778,44.33861111,190
-123.5438889,42.71847222,40
-122.8188889,42.63944444,107
-122.8241667,42.47361111,85
-122.6716667,42.62555556,59
-121.83544,43.3467,8
-121.3875,44.18361111,80
-120.7855556,44.16055556,580
-122.80699,42.64782,46
-122.88979,44.67365,260
-117.03585,44.02568,4
-123.545,43.10722222,98
-123.0269444,42.94222222,72
-123.7475,43.6575,153
-123.0494444,43.32277778,177
-122.26882,42.33345,262
-123.3272222,43.37888889,86
-120.344394,42.116518,30
-118.9722222,44.37777778,325
-123.06771,42.13944,95
-122.4447,42.2287,200
-121.502192,45.7108677,7
-121.50192,45.71095,7
-121.50226,45.71073,7
-121.50203,45.71071,7
-123.37,44.81651,50
-123.03869,44.70479,290
-122.82469,44.43845,90
-121.2261111,44.39333333,365
-123.07422,44.85019,135
-123.69279,44.5418,80
-123.91507,44.87733,185
-123.209,42.786,64
-123.6334,42.150174,51
-123.7898333,43.76166667,85
-123.96861,44.63641,3
-123.3702778,45.13722222,171
-123.3266667,42.44583333,430
-123.3908333,42.85388889,195
-122.8069444,45.23666667,28
-123.28018,44.54267,85
-123.3580556,43.53722222,142
-123.2855556,43.72916667,110
-122.5552778,42.36444444,144
-122.8036111,42.44111111,107
-122.93,42.27611111,160
-123.0911111,42.11055556,4.5
-117.990375,45.282012,24
-122.883363,42.266884,304
-123.7244444,42.16888889,21
-121.8891667,42.94297222,45
-123.04154,44.55014,5.5
-122.84719,44.87223,110
-123.06293,44.84179,320
-123.14754,43.03742,34
-123.7863,43.6587,104
-118.44382,43.2254,32
-120.6461111,45.08361111,450
-120.5025,44.34472222,490
-123.27142,44.60487,40
-117.1827778,44.24527778,31
-121.1147222,45.21611111,290
-122.49076,42.365,85
-122.53021,42.31002,160
-122.555,42.3136,220
-122.985,42.63,135
-122.50328,42.16041,140
-122.57301,42.1865,240
-116.9815,44.0220666,40
-121.4258333,45.38583333,80
-122.63372,42.16038,82
-122.94675,42.4908,103
-123.06956,43.47305,27
-123.3303,43.29617,56
-122.8372222,42.48638889,271
-122.9191667,42.44888889,32
-120.6980556,44.31083333,115
-117.4181333,43.31695,44
-121.4922222,44.25,45
-121.2441667,44.13416667,650
-121.890131,42.50077,7
-123.1393917,44.84823889,41
-123.0597222,44.81472222,10
-123.13624,44.87993,42
-122.8225,42.60611111,72
-122.9025,42.27555556,260
-119.1358333,43.45888889,53
-121.3033333,45.20416667,50
-121.0505556,44.2025,519
-122.97986,42.43223,100
-122.86928,42.26447,302
-123.08371,44.83444,140
-123.20908,45.24577,14
-121.3383333,44.18194444,580
-122.6415,42.49686,67
-122.8817,42.2581,220
-122.9559,42.39031,240
-122.4782,42.2253,160
-122.4903,42.3227,90
-117.40728,43.91905,300
-122.7447222,45.32777778,9
-116.942658,44.01483,17
-117.26635,43.94597,5
-117.3038889,43.85527778,8
-123.1033333,44.89277778,81
-121.2069444,44.35861111,148
-123.279428,42.270626,174
-122.98891,42.16951,49
-122.96413,42.18977,60
-122.72402,42.65874,298
-120.8994444,44.27972222,487
-123.0791667,44.86194444,55
-121.225345,44.291004,270
-122.9611111,44.95333333,2
-116.979411,44.0491388,8
-121.4444444,44.17861111,655
-123.32797,44.58157,20
-121.2105,44.08723,653
-117.127069,43.920878,535
-119.99,44.12388889,330
-116.9767667,44.02733333,20
-119.0061667,44.00744444,172
-117.075376,43.845104,38
-122.522924,45.454242,83
-121.4513889,44.28972222,371
-122.91239,44.96935,100
-122.685362,45.513111,140
-117.1072222,44.29027778,74
-121.3208333,44.53138889,630
-122.779425,44.431188,75
-122.9616667,45.94777778,13
-117.4897222,44.01625,120
-117.49,44.02358333,210
-117.4674444,44.01597222,7
-117.488325,44.218225,30
-117.14481,43.57196,502
-121.2383333,44.31305556,150
-123.391512,42.398188,124
-122.6894444,45.015,57
-122.66171,42.20193,63
-122.66224,42.20238,22
-122.65504,42.14797,360
-121.1297222,44.35527778,190
-123.3108,43.21159,134
-123.43095,43.40915,25
-123.42419,43.41033,127
-123.37363,43.4041,156
-122.7869444,42.32944444,115
-122.9258333,42.34305556,10
-121.2066667,44.31111111,200
-122.9527778,45.07388889,5
-119.6694444,45.35,44
-116.9856944,44.23466667,6
-120.8016667,44.17444444,670
-123.21219,43.5142,290
-123.21285,43.51373,250
-123.6503,43.02991,16
-122.7275,42.56166667,127
-122.7583333,42.38194444,211
-122.73008,42.37405,120
-117.4216,43.95745,7.5
-117.055535,43.809084,21
-121.4002778,44.33583333,600
-121.4708333,44.22333333,340
-122.77071,45.628138,4
-116.9634,44.00177,20
-122.74672,42.41842,63
-123.01822,42.30188,257
-120.57492,44.143367,360
-122.99655,42.44337,52
-123.01513,43.23964,119
-123.57024,43.10429,28
-123.0714,42.2504,45
-122.7947,42.22266,45
-121.83974,43.35573,10
-117.88057,45.699571,418
-123.3833333,42.55833333,110
-123.229,42.332,110
-123.03035,43.20835,136
-123.4384,43.29755,145
-123.21552,43.51322,131
-116.9439,44.01608,15
-122.72122,42.19361,142
-123.24647,44.62692,40
-121.394353,44.35558,480
-122.9968,42.44326,19
-123.354745,42.385814,60
-123.01893,42.30203,57
-122.80794,42.25388,47
-122.8311111,42.50833333,53
-117.061277,43.65529444,160
-122.4158333,42.11111111,120
-123.0714,42.2508,100
-121.3933333,44.17138889,45
-123.28617,44.53955,135
-120.721389,42.001111,94
-117.47323,44.22,100
-121.79081,43.43187,7
-123.24329,44.67593,265
-123.28962,43.62432,64
-123.42065,43.21144,290
-123.54074,43.04599,116
-123.9473,44.67558,4
-122.9791667,42.43138889,22
-122.865,42.66777778,206
-122.8702778,42.57944444,314
-122.80322,42.26003,212
-122.82098,42.2452,223
-123.1217,44.616973,15
-123.13533,45.40472,120
-121.0961111,44.36194444,86
-122.61209,44.7541,70
-117.0594,43.79436,12
-123.61816,43.13928,87
-123.19204,42.81812,25
-123.56698,43.45409,31
-123.56738,43.45345,65
-120.6661111,45.05555556,360
-122.9788889,44.84611111,290
-122.8336111,42.26555556,14
-122.9580556,42.57861111,161
-122.8119444,42.58527778,95
-122.8097222,42.61694444,151
-117.689,44.49107,8
-122.81964,42.26369,48
-123.77501,43.65687,56
-121.2316667,44.01027778,840
-121.8301389,43.34725,12
-118.0330556,44.72583333,330
-120.4033,43.4846,590
-123.034571,44.649301,41
-123.71173,43.66334,248
-122.45426,42.1223,322
-123.0104,42.3035,85
-122.8165,42.62865,345
-123.060933,44.854031,61
-120.956795,44.346538,12
-121.2975,44.64916667,500
-121.2975,44.64805556,690
-122.74467,45.23701,76
-122.72997,42.37085,309
-122.9744444,44.79305556,36
-117.90915,44.498067,265
-118.57981,44.37259,5
-120.9166667,44.50055556,14
-123.356282,42.379219,158
-122.8958,42.40733,45
-122.9708,42.169,160
-122.6977,42.61445,150
-123.21,42.37027778,440
-122.5448,42.2374,39
-123.0852778,44.83416667,50
-123.0852778,44.83333333,87
-122.127234,42.433835,74
-123.139176,44.875731,25
-123.1641667,45.31,15
-123.1302778,42.71388889,150
-123.445,42.51934,75
-122.9801,42.28203,94
-122.932,42.30672,288
-122.8131,42.62202,132
-123.9669167,45.45608333,8.7
-117.059413,43.765758,22
-117.4704,44.58717,85
-122.73321,42.25257,122
-122.6419444,42.375,160
-117.056117,43.7883,180
-123.0258333,42.25194444,45
-121.742738,42.226987,446
-123.0844444,45.15527778,8
-117.380167,43.94655,13.5
-122.5754,45.4278,19.5
-122.6845,42.57613,120
-122.9226,42.4511,55
-123.27582,44.90152,130
-122.98476,44.80011,140
-116.964783,44.001366,18
-117.408207,44.610088,180
-117.023915,44.051824,340
-122.8963889,45.31722222,44
-117.6688,42.09732,6
-116.984815,44.012767,43
-122.69845,42.20603,50
-117.6018,43.859283,10
-121.2480556,45.25194444,395
-121.2444444,45.25444444,400
-121.1658333,45.24805556,10
-123.5743056,43.08883333,25
-123.7057778,43.05886111,93
-123.39823,43.16366,90
-116.97215,44.0226,10
-122.936813,42.387162,41
-123.5010278,43.33822222,160
-123.4267,42.438897,67
-121.35831,42.03635,253
-117.031,43.8694,9
-122.7531,42.422,100
-122.89913,42.3827,80
-123.46003,43.29279,35
-118.9357222,43.85302778,145
-120.8897222,44.285,450
-121.5113889,45.60333333,345
-119.9163,44.55532,38
-123.5024,42.42951,120
-121.2544444,44.335,190
-121.0519444,44.20722222,10
-123.0529444,43.26669444,47
-123.214,43.262,50
-121.1744444,44.32638889,235
-122.913034,44.561056,30
-121.2941667,44.70388889,450
-122.74729,42.55025,202
-122.80581,42.20962,67
-122.85552,42.26934,82
-122.86275,42.4967,88
-123.33781,43.57971,115
-121.245,44.12888889,630
-121.83927,43.35257,13
-117.006848,44.05578,37
-122.882609,42.53067,130
-122.868307,42.52569,75
-123.038261,42.447008,100
-118.95732,43.18595,560
-118.6126111,44.48225,410
-121.1736111,44.09027778,610
-117.07633,43.995705,12
-123.2743889,43.22494444,45
-123.3126389,42.95633333,30
-117.0444,43.91587,65
-117.025808,44.076182,41
-121.0247222,44.23777778,450
-123.29773,43.59072,118
-123.21129,43.52371,190
-123.40432,43.30421,37
-123.30307,43.6054,220
-121.2022222,44.23111111,520
-123.3362222,43.50369444,19
-121.5111111,44.28638889,150
-119.145276,44.603462,242
-122.7945333,44.8006775,27
-120.9186111,44.87666667,380
-122.99,44.702294,26
-123.139937,42.389631,90
-123.18438,43.56834,66
-123.58889,43.08791,117
-123.56622,43.09953,121
-122.707451,42.586604,110
-119.1339,44.41628,8
-122.794415,45.006083,164
-117.011853,43.86579,9
-123.21916,43.61209,184
-123.38119,43.38265,22
-123.38302,43.38651,226
-123.53358,43.3976,74
-123.5293,43.3978,179
-122.3791667,43.57722222,11
-122.619763,42.170403,190
-122.638314,42.152856,120
-122.831126,42.447194,75
-123.2177778,45.31638889,3.5
-120.4655556,44.90444444,56
-118.669066,43.594428,80
-120.4441667,44.90944444,50
-116.981816,44.020333,54
-122.90426,44.85855,140
-122.8826,44.85284,110
-123.04717,42.425466,100
-122.94886,44.83295,17
-122.05029,44.27319,55
-121.83285,43.35451,14
-123.57198,43.54076,104
-123.3311,43.49815,135
-123.18304,43.22961,73
-123.57143,43.54128,26
-123.19773,43.16604,120
-123.19332,43.16688,368
-123.2143333,43.26144444,139
-117.012495,44.172084,292
-117.011015,44.171147,360
-120.9,44.30333333,530
-121.4433333,44.18083333,630
-121.4836111,44.19833333,495
-123.57076,43.09571,126
-123.40986,42.72104,55
-120.7872222,45.27277778,290
-122.8137,42.629708,150
-121.264177,44.26384,385
-122.918691,42.308846,120
-122.979361,42.279005,215
-122.940166,42.340236,40
-123.2436,44.57322,21
-123.157416,44.819595,23
-119.9108333,45.79222222,716
-123.079448,44.610554,35
-122.813591,42.629577,160
-122.84158,42.421626,75
-122.878521,43.238902,95
-123.373474,43.359659,98
-121.1836111,44.41638889,690
-123.45641,44.86234,59
-117.254098,43.993824,220
-123.2601111,42.42145,204
-123.3665,44.93129,32
-121.2327778,45.44555556,140
-123.056094,44.618544,20
-122.593709,42.076306,256
-117.94759,45.297158,45
-117.23315,44.01036,7
-117.2939972,44.051625,90
-117.218575,44.006175,90
-122.6431,45.09101,18
-122.876223,42.258004,225
-123.172283,42.457501,40
-123.201,42.41835,170
-123.27016,42.22196,99
-122.41,45.1701,258
-122.93988,44.98912,70
-123.33135,45.19576,150
-123.32146,42.21431,143
-122.88246,42.28917,90
-123.43398,42.35651,73
-117.9047326,45.3478952,32
-117.202464,44.035544,140
-123.073131,42.475196,110
-123.047715,42.214425,140
-117.01034,43.926294,29
-121.2358333,44.24166667,370
-117.285979,43.983391,90
-121.1958333,44.38361111,240
-122.9298333,44.82405556,5
-120.9986111,44.275,338
-123.095272,45.611762,255
-123.0241667,44.06333333,55
-123.1977778,44.16333333,53
-122.8,42.62555556,80
-123.4957,43.15466,26
-123.46952,43.24803,54
-117.6166667,43.88138889,19
-121.2408333,44.24472222,350
-121.0452778,44.29555556,312
-121.2313889,44.25777778,350
-121.1883333,44.34861111,139
-119.7723528,45.76775278,775
-121.3288889,44.18194444,570
-117.9191,44.34127,140
-119.7612417,45.76431111,705
-121.0344444,44.24722222,450
-123.32811,43.29098,80
-121.0308333,44.07388889,715
-120.9238889,44.21055556,98
-117.7827778,44.90583333,21
-121.1516667,44.35027778,150
-123.4136389,43.14219444,22
-117.9939,45.3181,51
-123.45409,45.25909,50
-123.40541,45.30979,241
-123.5538889,43.38555556,55
-117.1966667,44.03388889,188
-121.2444444,44.33055556,238
-121.1877778,44.325,460
-122.67877,42.23097,222
-121.4341667,44.2875,390
-121.4644444,44.31694444,500
-122.70819,43.077352,22
-123.2825833,43.51422222,170
-123.57229,43.09644,116
-123.56505,43.09799,101
-123.42898,43.78589,66
-123.07414,43.29372,119
-123.22236,43.51388,117
-123.26106,43.30198,55
-123.4441667,45.00416667,8
-119.065077,42.734782,160
-119.06811,42.74403,123
-122.98868,44.86844,45
-122.93472,44.93875,45
-123.43588,42.48616,177
-117.9221167,44.33586667,38
-121.3411111,44.15277778,670
-121.84104,43.34486,10
-117.106183,43.860683,169
-121.87074,43.34675,11
-120.79431,44.1125,42
-123.33485,43.575391,25
-121.4922222,44.34,680
-121.2569444,44.19694444,500
-123.7073056,43.05588889,20
-123.7073056,43.05583333,79
-117.284722,43.998611,57
-123.50974,43.24382,297
-123.54553,43.0305,110
-123.49149,43.29757,230
-117.2194444,44.035,548
-118.3648583,43.87421944,17
-118.34325,43.87222778,21
-121.0811111,44.08055556,730
-123.66788,43.62757,82
-123.45522,43.36752,35
-122.98684,44.86592,183
-117.048365,43.8767,180
-117.054722,43.92321,146
-117.1152,44.17825,45
-117.005808,43.905162,16
-116.9935,43.8892,14
-116.9499,43.9948,11
-117.3859,43.94,3
-123.6501775,45.4834675,115
-116.979722,44.011745,22
-119.085209,42.727782,145
-117.115967,44.17715,28
-117.1137,44.17687,940
-123.079037,43.308541,80
-123.056877,43.317829,38
-120.7430556,45.36388889,525
-123.25623,42.26861,137
-123.43004,42.54211,127
-123.67313,42.10926,21
-119.021,43.6116,21
-119.2445278,43.52227778,163
-123.5204444,43.23380556,189
-117.461,44.31628,60
-123.27838,42.93719,43
-123.31699,43.51845,28
-123.39627,43.3935,36
-123.23139,43.39743,23
-123.25131,43.02921,138
-123.37011,43.08296,38
-121.2166667,45.09416667,56
-116.976019,44.035167,60
-117.00048,43.87538,20
-118.083483,43.750207,12
-117.7128,43.99297,210
-119.782785,45.756662,185
-119.776118,45.739164,174
-119.763893,45.74593,153
-121.83265,43.354355,16
-121.3597222,44.06333333,395
-122.9856056,44.37216667,4
-116.99864,43.885231,14
-123.43868,43.66088,136
-123.3529,43.41952,36
-123.61784,43.12923,23
-123.57629,43.40958,78
-123.22028,43.51329,58
-123.40816,43.40093,95
-121.82633,43.34404,15
-117.97217,45.380229,160
-123.1586944,43.46930556,163
-123.5742222,43.63394444,30
-123.4729444,43.30441667,35
-123.4711389,43.30577778,40
-123.997815,42.978252,140
-123.5548056,43.10144444,110
-123.4754722,43.30869444,180
-123.2415278,44.96772222,35
-123.2415833,44.96714167,31
-123.2423056,44.96796667,48
-123.2406667,44.966825,3
-117.063689,44.236397,22
-123.0063333,45.07386111,37
-123.4523056,45.00425,10
-119.2515,44.72843,107
-117.0762,43.86327,235
-117.13,44.15893,320
-121.84044,43.34473,12
-121.2583333,44.26166667,300
-121.84136,43.34789,14
-123.23412,43.3913,84
-123.16673,43.47565,780
-122.820779,42.6133333,500
-117.0594,43.8262,100
-122.9061111,44.89994444,6
-123.1545833,43.31627778,21
-123.1531389,43.31627778,140
-122.911743,43.249464,145
-123.94801,43.0131,140
-121.6985,42.197349,55
-123.37634,43.484444,91
-123.3001,43.60475,131
-121.275271,44.379833,268
-121.3663889,44.13888889,670
-122.631916,45.38533,20
-122.8585028,45.12180833,11
-118.9502,44.45016,156
-117.045187,43.727706,13
-123.088269,44.878428,11
-121.2875,44.18694444,600
-118.5612,43.24214,118
-123.17137,43.53974,97
-123.37968,43.08062,37
-123.28677,42.95197,182
-123.17184,43.53923,78
-120.355,42.166,15
-120.356,42.17,24
-123.548759,43.016764,41
-123.669367,43.03509,140
-123.4684167,43.106,32
-123.3283333,42.95002778,120
-123.1904722,43.30975,48
-122.89677,44.05625,19
-122.180256,42.8709726,400
-122.98934,44.85949,260
-122.76605,44.83883,78
-122.78894,45.02159,75
-122.05418,44.96228,160
-122.80566,44.6087,99
-119.17222,42.93516,642
-123.259569,43.211995,25
-122.9826,44.84111,62
-121.133,44.256,341
-121.2075,45.26527778,130
-121.025,44.20583333,270
-121.0247222,44.205,280
-118.433623,43.229092,111
-122.9679,44.75583,235
-117.97918,45.40233,57
-117.07533,43.844333,39
-121.045588,45.454978,194
-121.26776,45.19769444,130
-117.963688,45.306045,39
-116.9363,44.02033,13
-117.234391,43.67448,100
-123.335115,43.383412,80
-123.364891,43.105994,60
-123.164297,42.971518,13
-121.3083333,44.46888889,780
-116.941693,44.15174,40
-121.35875,44.10525,635
-122.863385,45.01251,21
-117.5791,43.9807,280
-119.136236,43.512822,39
-122.7395,44.99197,240
-122.76418,44.78023,240
-122.76251,44.78017,280
-122.98308,44.79982,80
-122.88955,44.91373,240
-122.98517,44.84116,300
-123.32219,45.19662,60
-117.4155,43.9232,463
-120.9922222,44.08361111,40
-121.343,44.14988889,670
-121.3430556,44.15416667,680
-117.5819,44.02878,97
-117.417359,44.1391503,20
-122.488894,42.752304,67
-122.31355,42.39323,26
-117.9827,45.3388,52
-117.99475,45.325833,74
-117.954086,44.868385,250
-117.095,43.82005,16
-123.0667,44.83134,5
-123.3846078,44.79381465,85
-121.82611,43.34647,13
-121.22025,44.29666667,210
-123.310472,42.677922,6
-123.4731312,43.3423501,53
-123.4730355,43.3451988,19
-123.1635287,43.3948107,78
-118.9787,43.58589,6
-119.958413,44.060417,361
-122.81517,42.36535,279
-117.161393,43.747944,330
-121.4894444,44.31797222,630
-123.3176098,44.98863,57
-122.683722,45.532271,17
-122.684115,45.532263,17
-122.275,42.4519,51
-120.0255444,44.11913056,364
-122.967814,42.383935,130
-122.9708,42.415256,25
-121.065356,45.030776,45
-117.0205,43.99762,25
-116.985632,43.995655,19
-117.0526,43.85233,40
-117.016645,44.036559,12
-121.4089722,44.14480556,50
-117.3608,43.9677,13
-121.076871,44.087379,665
-120.21931,43.84545,540
-121.168162,44.305268,274
-121.342237,44.140538,605
-117.35442,43.91706,22
-117.3568,43.91262,320
-122.68588,44.79282,14
-122.6778946,42.21557999,85
-117.160426,43.832799,20
-117.400953,43.929991,430
-123.53371,43.14869,106
-123.40907,43.15355,128
-123.5345,43.1518,86
-121.193699,44.310082,220
-119.03072,43.44982,28
-118.550726,43.25753,110
-121.2618889,44.25027778,420
-121.3499,44.1555,722
-121.4050556,44.09886111,370
-122.74791,44.99354,352
-123.0111111,44.86488889,59
-121.1371111,44.35933333,185
-123.0822222,43.61305556,49
-117.13317,43.812781,41
-120.8921944,45.16063889,330
-120.6388889,45.30166667,310
-122.5163269,42.23727798,50
-121.274432,44.399026,268
-121.31274,44.115038,161
-121.042908,44.30496,284
-123.21209,43.41998,35
-123.3136,42.95923,57
-123.58973,43.34423,66
-119.16336,43.50211,95
-121.4321111,45.40447222,230
-122.165566,43.142937,10
-123.0756335,43.2606298,125
-123.3177017,43.2293057,50
-123.7333223,43.0104938,35
-123.653379,43.0561824,223
-123.4534347,43.2790912,20
-123.14278,43.30164,18
-123.1435242,43.3024712,18
-123.0419,44.80835,50
-121.1528889,45.20930556,310
-119.0393376,43.431385,112
-121.2045,44.29122222,55
-117.091796,43.74366,174
-122.9655,44.76322,82
-122.9241,45.03893,46
-123.33139,43.31644,90
-123.41765,43.27641,35
-123.50135,43.34226,137
-123.22206,43.51465,36
-121.411036,44.334378,595
-121.2224167,44.29338889,250
-123.3697784,43.0775818,260
-123.5231537,43.2413768,265
-118.4613,43.75923,22
-123.0010833,46.03211111,162
-122.9042,44.89878,60
-123.53362,43.52711,130
-121.320067,44.528208,603
-122.87151,42.49078,150
-122.9549,42.34579,150
-123.03132,44.85324,165
-122.46837,45.1559,170
-123.08522,44.90785,150
-122.82258,44.72251,140
-121.3071944,44.14269444,685
-121.066157,44.090121,661
-120.817684,44.240758,265
-121.318419,44.142526,230
-117.7167222,42.83497222,80
-121.82626,43.34718,12
-117.0544,43.9165,199
-117.088608,43.820331,35
-117.17645,43.75387,36
-117.02567,43.959658,58
-117.407665,44.12277,65
-122.3896,44.75643,32
-121.031278,44.184177,381
-123.5361704,43.0153014,178
-123.4119167,43.14109956,23
-119.9011389,44.51725,300
-121.361051,44.013214,400
-123.31974,43.41233,78
-123.48712,43.49519,110
-121.363179,44.013875,440
-123.249963,44.338557,22
-120.8053056,44.15044444,475
-119.1912,44.42262,111
-120.7880278,44.16155556,525
-120.822065,43.428942,234
-121.242592,44.246948,316
-123.88269,42.86985,82
-123.54401,43.62265,85
-123.52613,43.174,49
-123.40281,43.30589,195
-122.9281,44.74931,13
-123.1124,43.954,64
-122.9337,44.93613,14
-121.458015,44.203177,435
-121.269045,44.414103,146
-121.247325,44.319811,209
-122.9276509,44.92709077,63
-122.93534,44.93774,80
-123.13176,44.98738,400
-122.93469,44.93855,80
-122.99749,44.86765,70
-123.9507309,43.1566769,18
-123.2334,43.38131,90
-121.033033,44.074847,661
-123.37078,42.350827,190
-120.7900556,44.30708333,22
-121.317949,44.156087,428
-117.3701,44.10903,11
-116.9822,44.2394,10
-123.1871,44.57555,19
-122.9396,45.06412,63
-122.7318038,44.93919679,51
-122.8927,45.04147,51
-121.006521,44.295959,354
-121.2730556,44.18519444,740
-117.933957,44.337674,15
-117.0527,44.00917,15
-123.33401,43.36244,288
-123.36603,43.19446,234
-123.4799,44.11817,94
-123.4777,44.11757,26
-121.250953,44.130092,640
-123.0530556,43.91805556,37
-122.76442,45.469348,23
-117.17511,43.753435,76
-121.2300833,45.08922222,112
-121.2426667,45.09091667,92
-122.835232,42.826594,275
-121.67068,42.19914,246
-121.243938,44.13248,622
-121.058855,44.328464,128
-121.080141,44.084091,635
-116.985796,44.106028,80
-123.5805172,43.0674726,85
-123.336722,42.9988,64
-121.2370556,44.26152778,300
-122.9605097,44.7609609,115
-123.411627,43.2976349,380
-122.96095,44.75977,39
-123.500863,43.233398,110
-123.3313,44.05935,34
-123.62124,42.27465,46
-122.98742,42.20949,156
-122.50979,42.24007,77
-122.960315,44.760772,37
-117.87425,43.905586,238
-117.927222,45.337222,40
-123.68696,43.0534,123
-123.69042,43.05298,28
-123.6708221,43.0343586,19
-123.490336,43.501786,121
-123.3165,44.55606,17
-118.57118,43.56531,21
-123.490631,43.501832,33
-123.304338,42.963171,105
-123.560157,43.105079,140
-123.24706,43.38451,35
-118.2042,43.74528,320
-117.9603,43.42445,260
-123.198023,43.077375,18
-123.391119,43.080194,20
-123.391073,43.080441,36
-122.93204,42.30063,173
-122.78764,42.31355,311
-123.14696,44.641226,18
-123.4532505,43.298021,18
-122.52283,42.29418,90
-123.159799,42.428936,30
-117.16243,44.23887,325
-123.35401,42.37899,287
-123.34676,42.37275,333
-123.48981,42.53597,159
-123.27203,42.27318,78
-122.96942,42.42328,63
-122.80552,42.20981,198
-122.55587,42.24308,176
-123.48939,42.5354,38
-123.4654,45.07417,224
-123.464,45.07542,58
-123.37679,43.25536,128
-123.30005,42.5335,103
-117.0066,43.8769,5
-123.207282,45.852593,150
-120.90075,44.27911111,340
-116.966359,43.988885,20
-122.59058,42.15172,221
-117.7892,42.7864,205
-120.5833333,43.64475,780
-122.977,45.04892,20
-123.3624,44.33633,274
-123.3603,44.33748,345
-122.822312,42.921332,240
-122.8136831,42.92323608,46
-122.9682305,45.83089685,90
-120.088054,45.012501,149
-120.825922,44.234757,276
-119.01462,43.62376,21
-122.5957,42.1941,160
-123.141,42.1841,140
-123.49918,42.33964,66
-119.14905,44.61887,90
-120.64217,44.30981,365
-121.660371,44.359705,265
-116.9819,44.06889,15
-121.1544444,45.51638889,278
-123.48084,42.538866,310
-122.948444,42.304795,101
-122.44696,42.11829,288
-123.42889,42.38802,565
-123.3037,42.42215,115
-123.2915,42.4598,131
-122.55824,42.0764,391
-117.277873,42.926045,284
-121.04454,44.083711,660
-122.8972328,45.97598471,170
-121.16875,45.49591667,230
-123.841491,45.506593,50
-121.5958815,43.55305335,22
-123.3186,42.5806,146
-118.54103,42.16469,25
-118.54103,42.13961,28
-123.0666876,46.11171938,190
-121.9251072,43.49671352,21
-121.5279833,43.66028766,20
-121.5127703,43.67414109,16
-123.26267,42.21278,114
-121.2221389,45.26666667,25
-117.3114,44.08354,12
-119.3984406,45.9108307,50
-122.5626,45.11583,15
-122.9028,44.86709,17
-117.05406,43.90549,120
-117.075978,43.861742,194
-122.20442,42.364098,394
-118.2348,42.3378,368
-122.76882,42.33345,363
-117.6708222,44.18593889,62
-123.86702,43.65697,206
-123.33448,43.52377,84
-117.075372,43.855441,45
-123.0556564,45.21250254,84
-117.4353417,45.50468889,175
-119.84106,42.18099779,22
-117.3405,42.94053,70
